ModelIndex,ModelName,HyperGridIndex,HyperParams,TrainingTime (s),TestTime (s),Threshold,accuracy,precision,recall,f1,roc_auc,Precision at 1%,Precision at 2%,Precision at 5%,Precision at 10%,Precision at 20%,Precision at 30%,Precision at 50%
0.0,Logistic Regression,4.0,"{'penalty': 'l1', 'C': 0.01, 'solver': 'liblinear'}",0.9586508274078368,0.0019636154174804688,0.7,0.609917263590427,0.8234124792932082,0.5787921130259277,0.6797647809636688,0.6334569108137245,0.9835164835164836,0.9667590027700832,0.944506104328524,0.9239311493614658,0.8956135480288728,0.8665556172496761,0.8240977234869516
1.0,Decision Tree,1.0,"{'min_samples_split': 0.01, 'max_depth': 10}",0.15242409706115723,0.01565408706665039,0.7,0.5867621744683214,0.8141603141603142,0.5471976401179941,0.6545032497678738,0.6166844451809007,0.9562841530054644,0.9600997506234414,0.9366952789699571,0.892975011786893,0.8658804168952277,0.8461254612546125,0.8134509371554576
