ModelIndex,ModelName,HyperGridIndex,HyperParams,TrainingTime (s),TestTime (s),Threshold,accuracy,precision,recall,f1,roc_auc,Precision at 1%,Precision at 2%,Precision at 5%,Precision at 10%,Precision at 20%,Precision at 30%,Precision at 50%
0.0,Logistic Regression,8.0,"{'penalty': 'l1', 'C': 0.1, 'solver': 'liblinear'}",0.8776533603668213,0.0029938220977783203,0.7,0.6339511006699731,0.81120404863991,0.6683073715907116,0.7328549657099315,0.5992402696680164,0.9608695652173912,0.9543478260869566,0.9478260869565216,0.9317094388864724,0.9034362766420184,0.8736948955916474,0.8300704776820673
1.0,Decision Tree,7.0,"{'min_samples_split': 0.02, 'max_depth': 20}",0.0827784538269043,0.006981611251831055,0.7,0.6070651701035413,0.8050966738276909,0.6293358040419248,0.7064482579303173,0.5845647010414277,0.9362348178137652,0.9362348178137652,0.9305210918114144,0.9226077011056044,0.8845425867507887,0.8450704225352113,0.8168377109062446
2.0,Random Forest,33.0,"{'min_samples_split': 0.01, 'max_depth': 15, 'max_features': 6}",5.539215087890625,0.41187524795532227,0.7,0.608979378752284,0.8214923518906747,0.6126585210492791,0.701870770863739,0.6052622673463992,0.9652173913043478,0.9521739130434783,0.9504347826086956,0.9343192692474989,0.9101783384080034,0.8834106728538283,0.8318976768467763
