ModelIndex,ModelName,HyperGridIndex,HyperParams,TrainingTime (s),TestTime (s),Threshold,accuracy,precision,recall,f1,roc_auc,Precision at 1%,Precision at 2%,Precision at 5%,Precision at 10%,Precision at 20%,Precision at 30%,Precision at 50%
0.0,Logistic Regression,28.0,"{'penalty': 'l2', 'C': 0.001, 'solver': 'liblinear'}",0.24534344673156736,0.002992391586303711,0.7,0.5696510919690246,0.8370647902768893,0.5304302507383172,0.6493690628101517,0.6092766961230505,0.9652173913043478,0.9608695652173912,0.9408695652173912,0.9317094388864724,0.9051967819091108,0.8773201856148491,0.8329417906551814
1.0,Decision Tree,6.0,"{'min_samples_split': 0.02, 'max_depth': 15}",0.08178091049194336,0.005984306335449219,0.8,0.5036979030714348,0.8392960518698622,0.4197695292141989,0.5596386937389023,0.5884924259679529,0.9362348178137652,0.9362348178137652,0.9305210918114144,0.9226077011056044,0.8845425867507887,0.8450704225352113,0.8168377109062446
2.0,Random Forest,144.0,"{'min_samples_split': 0.07, 'max_depth': 10, 'max_features': 1}",4.53490948677063,0.4119298458099365,0.7,0.5436352562429305,0.842200908632004,0.48306213446059415,0.613969235298447,0.6048334985754081,0.9608695652173913,0.9347826086956522,0.9252173913043479,0.9138755980861244,0.8938899760817569,0.8668793503480279,0.8303315061341686
