ModelIndex,ModelName,HyperGridIndex,HyperParams,TrainingTime (s),TestTime (s),Threshold,accuracy,precision,recall,f1,roc_auc,Precision at 1%,Precision at 2%,Precision at 5%,Precision at 10%,Precision at 20%,Precision at 30%,Precision at 50%
0.0,Logistic Regression,28.0,"{'penalty': 'l2', 'C': 0.001, 'solver': 'liblinear'}",0.3889923095703125,0.0019621849060058594,0.7,0.5762674218446332,0.8356129362137288,0.5074522589659991,0.6314416807534412,0.6283116570819853,0.9723756906077348,0.9584487534626038,0.9400665926748056,0.9256381798002221,0.8858967240421988,0.8615583934851009,0.8198778456413104
1.0,Decision Tree,1.0,"{'min_samples_split': 0.01, 'max_depth': 10}",0.17138409614562988,0.0,0.8,0.485423954689322,0.8535106591042441,0.33876727216270763,0.48502361767157537,0.5963389705849621,0.9562841530054644,0.9600997506234414,0.9366952789699571,0.892975011786893,0.8658804168952277,0.8461254612546125,0.8134509371554576
