ModelIndex,ModelName,HyperGridIndex,HyperParams,TrainingTime (s),TestTime (s),Threshold,accuracy,precision,recall,f1,roc_auc,Precision at 1%,Precision at 2%,Precision at 5%,Precision at 10%,Precision at 20%,Precision at 30%,Precision at 50%
0.0,Logistic Regression,0.0,"{'penalty': 'l1', 'C': 0.001, 'solver': 'liblinear'}",0.11242294311523438,0.002958536148071289,0.1,0.7153090121605864,0.7153090121605864,1.0,0.8340293289307567,0.5,0.9642857142857144,0.9529411764705882,0.9038351459645106,0.8916256157635468,0.883953359244864,0.8617194570135747,0.8126526082130966
0.0,Logistic Regression,0.0,"{'penalty': 'l1', 'C': 0.001, 'solver': 'liblinear'}",0.11242294311523438,0.002958536148071289,0.2,0.7153090121605864,0.7153090121605864,1.0,0.8340293289307567,0.5,0.9642857142857144,0.9529411764705882,0.9038351459645106,0.8916256157635468,0.883953359244864,0.8617194570135747,0.8126526082130966
0.0,Logistic Regression,0.0,"{'penalty': 'l1', 'C': 0.001, 'solver': 'liblinear'}",0.11242294311523438,0.002958536148071289,0.3,0.7153090121605864,0.7153090121605864,1.0,0.8340293289307567,0.5,0.9642857142857144,0.9529411764705882,0.9038351459645106,0.8916256157635468,0.883953359244864,0.8617194570135747,0.8126526082130966
0.0,Logistic Regression,0.0,"{'penalty': 'l1', 'C': 0.001, 'solver': 'liblinear'}",0.11242294311523438,0.002958536148071289,0.4,0.7153090121605864,0.7153090121605864,1.0,0.8340293289307567,0.5,0.9642857142857144,0.9529411764705882,0.9038351459645106,0.8916256157635468,0.883953359244864,0.8617194570135747,0.8126526082130966
0.0,Logistic Regression,0.0,"{'penalty': 'l1', 'C': 0.001, 'solver': 'liblinear'}",0.11242294311523438,0.002958536148071289,0.5,0.7153090121605864,0.7153090121605864,1.0,0.8340293289307567,0.5,0.9642857142857144,0.9529411764705882,0.9038351459645106,0.8916256157635468,0.883953359244864,0.8617194570135747,0.8126526082130966
1.0,Decision Tree,0.0,"{'min_samples_split': 0.01, 'max_depth': 5}",0.1006462574005127,0.004987478256225586,0.1,0.7153090121605864,0.7153090121605864,1.0,0.8340293289307567,0.5,0.9798657718120806,0.9386503067484663,0.927007299270073,0.9121552604698672,0.8902342721768887,0.8376271186440678,0.7593955831073227
