ModelIndex,ModelName,HyperGridIndex,HyperParams,TrainingTime (s),TestTime (s),Threshold,accuracy,precision,recall,f1,roc_auc,Precision at 1%,Precision at 2%,Precision at 5%,Precision at 10%,Precision at 20%,Precision at 30%,Precision at 50%
0.0,Logistic Regression,8.0,"{'penalty': 'l1', 'C': 0.1, 'solver': 'liblinear'}",3.2264933586120605,0.015619516372680662,0.9,0.3296684990837914,0.9431072210065644,0.06691507529886663,0.12496375761090173,0.5283863459193767,0.9723756906077348,0.961218836565097,0.9422863485016648,0.9244863964464186,0.8886729594669628,0.8630390523783084,0.8207662409772348
1.0,Decision Tree,8.0,"{'min_samples_split': 0.03, 'max_depth': 5}",0.09425830841064453,0.0,0.9,0.3475484479982231,0.9320610687022901,0.09478341872380065,0.1720687711386697,0.5387121696700727,0.9680589680589681,0.9680589680589681,0.9320610687022901,0.9291643608190371,0.8882321332616873,0.8340666247642992,0.7596191066037006
