ModelIndex,ModelName,HyperGridIndex,HyperParams,TrainingTime (s),TestTime (s),Threshold,accuracy,precision,recall,f1,roc_auc,Precision at 1%,Precision at 2%,Precision at 5%,Precision at 10%,Precision at 20%,Precision at 30%,Precision at 50%
0.0,Logistic Regression,4.0,"{'penalty': 'l1', 'C': 0.01, 'solver': 'liblinear'}",0.9316174983978271,0.0,0.8,0.4629351990671331,0.8836042065009561,0.2869895978885266,0.4332591116840502,0.5960011379339261,0.9835164835164836,0.9667590027700832,0.944506104328524,0.9239311493614658,0.8956135480288728,0.8665556172496761,0.8240977234869516
1.0,Decision Tree,24.0,"{'min_samples_split': 0.07, 'max_depth': 5}",0.07455873489379883,0.015619277954101562,0.8,0.4145149647398523,0.8995215311004785,0.20431609998447445,0.33299595141700405,0.5734863121338405,0.9680589680589681,0.9680589680589681,0.9257105943152455,0.9291643608190371,0.8813599062133646,0.8340813667294049,0.7596191066037006
