ModelIndex,ModelName,HyperGridIndex,HyperParams,TrainingTime (s),TestTime (s),Threshold,accuracy,precision,recall,f1,roc_auc,Precision at 1%,Precision at 2%,Precision at 5%,Precision at 10%,Precision at 20%,Precision at 30%,Precision at 50%
0.0,Logistic Regression,32.0,"{'penalty': 'l2', 'C': 0.01, 'solver': 'liblinear'}",0.3171520233154297,0.002993345260620117,0.8,0.486600539458801,0.8693596325317482,0.3726330418669292,0.5216651128855743,0.6017441927893331,0.9652173913043478,0.9565217391304348,0.9452173913043478,0.9334493257938234,0.9051761635493693,0.8745649651972158,0.8305925345862699
1.0,Decision Tree,0.0,"{'min_samples_split': 0.01, 'max_depth': 5}",0.05687880516052246,0.005984067916870117,0.8,0.4492734708083181,0.8816225165562914,0.3083560136661069,0.456905058132052,0.5916452099115912,0.9336188436830836,0.9336188436830836,0.9281385281385282,0.9172815533980584,0.880497634483967,0.8151373675704794,0.7983066657099807
2.0,Random Forest,51.0,"{'min_samples_split': 0.01, 'max_depth': 20, 'max_features': 16}",6.447770357131958,0.41286683082580566,0.8,0.4358305055251022,0.8981670061099797,0.2809079854073774,0.4279664755183061,0.5923518412256409,0.9521739130434783,0.9521739130434783,0.9460869565217391,0.9317094388864724,0.9069160504567203,0.8796403712296984,0.8283302880013922
