ModelIndex,ModelName,HyperGridIndex,HyperParams,TrainingTime (s),TestTime (s),Threshold,accuracy,precision,recall,f1,roc_auc,Precision at 1%,Precision at 2%,Precision at 5%,Precision at 10%,Precision at 20%,Precision at 30%,Precision at 50%
0.0,Logistic Regression,28.0,"{'penalty': 'l2', 'C': 0.001, 'solver': 'liblinear'}",0.3959410190582275,0.001995086669921875,0.9,0.29379754567160865,0.971264367816092,0.01311908088806086,0.02588848039215686,0.5060719258546018,0.9723756906077348,0.9584487534626038,0.9400665926748056,0.9256381798002221,0.8858967240421988,0.8615583934851009,0.8198778456413104
1.0,Decision Tree,20.0,"{'min_samples_split': 0.06, 'max_depth': 5}",0.0902402400970459,0.004986763000488281,0.9,0.3058470764617691,0.9680589680589681,0.030585312839621178,0.05929716306719844,0.5140248584872964,0.9680589680589681,0.9680589680589681,0.9257105943152455,0.9291643608190371,0.8853926835507803,0.8339184857273698,0.7596191066037006
