ModelIndex,ModelName,HyperGridIndex,HyperParams,TrainingTime (s),TestTime (s),Threshold,accuracy,precision,recall,f1,roc_auc,Precision at 1%,Precision at 2%,Precision at 5%,Precision at 10%,Precision at 20%,Precision at 30%,Precision at 50%
0.0,Logistic Regression,29.0,"{'penalty': 'l2', 'C': 0.001, 'solver': 'lbfgs'}",0.049866437911987305,0.002996683120727539,0.9,0.272644218219786,0.9583333333333334,0.03329665875267821,0.0643572667748615,0.5144618679455187,0.9652173913043478,0.9586956521739132,0.9417391304347826,0.9330143540669856,0.9066985645933014,0.8776102088167054,0.8330288001392152
1.0,Decision Tree,16.0,"{'min_samples_split': 0.05, 'max_depth': 5}",0.054852962493896484,0.005984067916870117,0.9,0.3325067432350126,0.9253533568904594,0.1213156523249754,0.21450878001331086,0.545877346890142,0.9253533568904594,0.9253533568904594,0.9253533568904594,0.9156626506024096,0.8817642698295033,0.8151373675704794,0.7983066657099807
2.0,Random Forest,32.0,"{'min_samples_split': 0.01, 'max_depth': 15, 'max_features': 1}",5.019580125808716,0.41190004348754883,0.8,0.24876011485251892,1.0,5.790723261335341e-05,0.00011580775911986103,0.5000289536163067,0.9652173913043478,0.9434782608695652,0.9347826086956522,0.9208351457155285,0.900391474554154,0.8748549883990719,0.8332028191072827
