ModelIndex,ModelName,HyperGridIndex,HyperParams,TrainingTime (s),TestTime (s),Threshold,accuracy,precision,recall,f1,roc_auc,Precision at 1%,Precision at 2%,Precision at 5%,Precision at 10%,Precision at 20%,Precision at 30%,Precision at 50%
0.0,Logistic Regression,32.0,"{'penalty': 'l2', 'C': 0.01, 'solver': 'liblinear'}",0.5424511432647705,0.0,0.7,0.6064745405075239,0.8212662157667148,0.5749883558453657,0.6764074699785398,0.6302872342909294,0.9723756906077348,0.961218836565097,0.9389567147613762,0.9272626318711826,0.886729594669628,0.8632241347399593,0.8215435868961688
1.0,Decision Tree,13.0,"{'min_samples_split': 0.04, 'max_depth': 10}",0.11997461318969727,0.01562190055847168,0.7,0.5796546171358765,0.8137996219281664,0.5346995808104331,0.6453668134545113,0.6136536718173484,0.9163987138263665,0.9456824512534819,0.9320610687022901,0.9178532311062432,0.8781899500131545,0.8367417677642981,0.7952325127002735
