ModelIndex,ModelName,HyperGridIndex,HyperParams,TrainingTime (s),TestTime (s),Threshold,accuracy,precision,recall,f1,roc_auc,Precision at 1%,Precision at 2%,Precision at 5%,Precision at 10%,Precision at 20%,Precision at 30%,Precision at 50%
0.0,Logistic Regression,32.0,"{'penalty': 'l2', 'C': 0.01, 'solver': 'liblinear'}",0.32915234565734863,0.002981185913085937,0.7,0.6168102323153224,0.817724371010139,0.6304939486941921,0.7120062777923097,0.6029852986430555,0.9652173913043478,0.9565217391304348,0.9452173913043478,0.9334493257938234,0.9051761635493693,0.8745649651972158,0.8305925345862699
1.0,Decision Tree,1.0,"{'min_samples_split': 0.01, 'max_depth': 10}",0.09175562858581544,0.007005691528320313,0.7,0.6264682850430697,0.7964088209189595,0.6754878684347675,0.7309813259806993,0.5769428147491311,0.933734939759036,0.933734939759036,0.9238578680203046,0.8991127177127834,0.8702241195304162,0.8458543619322278,0.8106164383561644
2.0,Random Forest,23.0,"{'min_samples_split': 0.01, 'max_depth': 10, 'max_features': 36}",8.42052149772644,0.41286206245422363,0.7,0.6164621943791874,0.8070914771488774,0.6432335398691297,0.7159061613817995,0.5894145659814426,0.9608695652173913,0.941304347826087,0.9373913043478261,0.9260548064375815,0.9019138755980861,0.8725348027842227,0.8219785956669277
