ModelIndex,ModelName,HyperGridIndex,HyperParams,TrainingTime (s),TestTime (s),Threshold,accuracy,precision,recall,f1,roc_auc,Precision at 1%,Precision at 2%,Precision at 5%,Precision at 10%,Precision at 20%,Precision at 30%,Precision at 50%
0.0,Logistic Regression,8.0,"{'penalty': 'l1', 'C': 0.1, 'solver': 'liblinear'}",3.2235918045043945,0.0,0.4,0.7161419290354822,0.7199388586956522,0.9871914299021892,0.8326458456098997,0.5111498401705211,0.9723756906077348,0.961218836565097,0.9422863485016648,0.9244863964464186,0.8886729594669628,0.8630390523783084,0.8207662409772348
1.0,Decision Tree,0.0,"{'min_samples_split': 0.01, 'max_depth': 5}",0.10871005058288574,0.004986286163330078,0.4,0.7153090121605864,0.7153090121605864,1.0,0.8340293289307567,0.5,0.9798657718120806,0.9386503067484663,0.927007299270073,0.9121552604698672,0.8902342721768887,0.8376271186440678,0.7593955831073227
