ModelIndex,ModelName,HyperGridIndex,HyperParams,TrainingTime (s),TestTime (s),Threshold,accuracy,precision,recall,f1,roc_auc,Precision at 1%,Precision at 2%,Precision at 5%,Precision at 10%,Precision at 20%,Precision at 30%,Precision at 50%
0.0,Logistic Regression,32.0,"{'penalty': 'l2', 'C': 0.01, 'solver': 'liblinear'}",0.3251321315765381,0.002992868423461914,0.9,0.3079700687374924,0.9387886597938144,0.08437083791765591,0.15482705488550022,0.5338768655217105,0.9652173913043478,0.9565217391304348,0.9452173913043478,0.9334493257938234,0.9051761635493693,0.8745649651972158,0.8305925345862699
1.0,Decision Tree,16.0,"{'min_samples_split': 0.05, 'max_depth': 5}",0.05385613441467285,0.005984067916870117,0.9,0.3325067432350126,0.9253533568904594,0.1213156523249754,0.21450878001331086,0.545877346890142,0.9253533568904594,0.9253533568904594,0.9253533568904594,0.9156626506024096,0.8817642698295033,0.8151373675704794,0.7983066657099807
2.0,Random Forest,7.0,"{'min_samples_split': 0.01, 'max_depth': 5, 'max_features': 36}",6.643273115158081,0.3121321201324463,0.9,0.29774645436352565,0.9371605896043445,0.06995193699693092,0.13018644250458025,0.5278918334626075,0.9565217391304348,0.9630434782608696,0.9417391304347826,0.9239130434782609,0.9019352033050663,0.8738399071925754,0.8163229792047333
