ModelIndex,ModelName,HyperGridIndex,HyperParams,TrainingTime (s),TestTime (s),Threshold,accuracy,precision,recall,f1,roc_auc,Precision at 1%,Precision at 2%,Precision at 5%,Precision at 10%,Precision at 20%,Precision at 30%,Precision at 50%
0.0,Logistic Regression,28.0,"{'penalty': 'l2', 'C': 0.001, 'solver': 'liblinear'}",0.3864109516143799,0.001989126205444336,0.8,0.4177355766561164,0.899599733155437,0.20936190032603635,0.3396725440806045,0.5753265518794215,0.9723756906077348,0.9584487534626038,0.9400665926748056,0.9256381798002221,0.8858967240421988,0.8615583934851009,0.8198778456413104
1.0,Decision Tree,1.0,"{'min_samples_split': 0.01, 'max_depth': 10}",0.17154645919799805,0.005012989044189453,0.9,0.35887611749680715,0.9260204081632653,0.11271541686073591,0.2009688581314879,0.5450450499556263,0.9562841530054644,0.9600997506234414,0.9366952789699571,0.892975011786893,0.8658804168952277,0.8461254612546125,0.8134509371554576
